AASHIRVAAD Svasti Pure Cow Ghee 1 L Tetrapack,574,2022-02-12,5% off,4.4,/aashirvaad-svasti-pure-cow-ghee-1-l-tetrapack/p/itmfaff7vmxpnxum?pid=GHEFK6YGK5HUPJTB&lid=LSTGHEFK6YGK5HUPJTBPYYJJX&marketplace=FLIPKART&q=ghee&store=eat%2Fklf%2Ff3s&srno=s_1_1&otracker=search&otracker1=search&fm=organic&iid=en_ekxCqFFJKPaxLH84EW8Qv0hj79EDY2JESpWTEc4OUuE9n5CBG2E1H%2B%2FvTe9ZSkQY13VKCzaqO26yUFiRRcELlw%3D%3D&ppt=None&ppn=None&ssid=0m1ad810cw0000001644620167125&qH=ec9064673b8a1e81
Country Delight Desi Danedar Cow Ghee Ghee 1 L Mason Ja...,698,2022-02-12,5% off,4.3,/country-delight-desi-danedar-cow-ghee-1-l-mason-jar/p/itmac3159c503eef?pid=GHEFZR3WFUR6QSZY&lid=LSTGHEFZR3WFUR6QSZYIOHTZK&marketplace=FLIPKART&q=ghee&store=eat%2Fklf%2Ff3s&srno=s_1_2&otracker=search&otracker1=search&fm=organic&iid=en_ekxCqFFJKPaxLH84EW8Qv0hj79EDY2JESpWTEc4OUuHI%2Fr3l5Po%2Fg%2Bu5Svg0LxhWpmMruGJC%2FEMsGBGyToqBOw%3D%3D&ppt=None&ppn=None&ssid=0m1ad810cw0000001644620167125&qH=ec9064673b8a1e81
Himalayan Natives Organic cow Bilona ghee Ghee 500 ml P...,359,2022-02-12,45% off,4.1,/himalayan-natives-organic-cow-bilona-ghee-500-ml-plastic-bottle/p/itmc5f064ba9c007?pid=GHEFUS2NFYJRHDDF&lid=LSTGHEFUS2NFYJRHDDFNTLV7L&marketplace=FLIPKART&q=ghee&store=eat%2Fklf%2Ff3s&srno=s_1_8&otracker=search&otracker1=search&fm=organic&iid=en_ekxCqFFJKPaxLH84EW8Qv0hj79EDY2JESpWTEc4OUuEhi9dDiRoXQ3DMWmFY2zcee6aCp0MS0CQ80tpQtMWLAQ%3D%3D&ppt=None&ppn=None&ssid=0m1ad810cw0000001644620167125&qH=ec9064673b8a1e81
Farmer Fresh Ghee Combo of 3 - A2 Ghee Trio Pack (Each ...,"3,999",2022-02-12,No discount,No Rating,/farmer-fresh-ghee-combo-3-a2-trio-pack-each-500-ml-1-5-l-mason-jar/p/itme0288061faad9?pid=GHEGFAK68KDMX8Q9&lid=LSTGHEGFAK68KDMX8Q9BFOQVB&marketplace=FLIPKART&q=ghee&store=eat%2Fklf%2Ff3s&srno=s_1_16&otracker=search&otracker1=search&fm=organic&iid=en_ekxCqFFJKPaxLH84EW8Qv0hj79EDY2JESpWTEc4OUuElB1pkCBwZuH%2BPrps48BKvgDfrdkVhEWLSyeGChnc9ug%3D%3D&ppt=None&ppn=None&ssid=0m1ad810cw0000001644620167125&qH=ec9064673b8a1e81
Vanalaya Pure Buffalo Ghee Made from Buffalo Milk by Tr...,850,2022-02-12,29% off,4,/vanalaya-pure-buffalo-ghee-made-milk-traditional-bilona-method-500-ml-glass-bottle/p/itmd1b36f27ff0f4?pid=GHEFW9GFXHUXA4T2&lid=LSTGHEFW9GFXHUXA4T2KHCUUT&marketplace=FLIPKART&q=ghee&store=eat%2Fklf%2Ff3s&srno=s_1_24&otracker=search&otracker1=search&fm=organic&iid=en_ekxCqFFJKPaxLH84EW8Qv0hj79EDY2JESpWTEc4OUuGIWYzp%2FZ%2FnfJXXKNY9nFn6tQIvQYNOFwvYuAIGR2KAHQ%3D%3D&ppt=None&ppn=None&ssid=0m1ad810cw0000001644620167125&qH=ec9064673b8a1e81
BOLDVEDA A2 Ghee - Desi Gir Cow Ghee Pure & Natural Han...,"1,000",2022-02-12,28% off,4.8,/boldveda-a2-ghee-desi-gir-cow-pure-natural-hand-made-traditional-bilona-method-gluten-free-rich-taste-aroma-500-ml-glass-bottle/p/itmdc7f2aa094c9d?pid=GHEG75THNWQBT8UG&lid=LSTGHEG75THNWQBT8UG693ALW&marketplace=FLIPKART&q=ghee&store=eat%2Fklf%2Ff3s&srno=s_1_30&otracker=search&otracker1=search&fm=organic&iid=0a8af53d-0ce8-4bf1-b4f5-9681e98cee5e.GHEG75THNWQBT8UG.SEARCH&ppt=None&ppn=None&ssid=0m1ad810cw0000001644620167125&qH=ec9064673b8a1e81
Himalayan Natives 100% natural Himalayan Cow Ghee Ghee ...,219,2022-02-12,26% off,4.3,/himalayan-natives-100-natural-cow-ghee-250-ml-plastic-bottle/p/itm89e743900ffad?pid=GHEFH8QPHN9X7KKC&lid=LSTGHEFH8QPHN9X7KKCWI5WUS&marketplace=FLIPKART&q=ghee&store=eat%2Fklf%2Ff3s&srno=s_1_34&otracker=search&otracker1=search&fm=organic&iid=0a8af53d-0ce8-4bf1-b4f5-9681e98cee5e.GHEFH8QPHN9X7KKC.SEARCH&ppt=None&ppn=None&ssid=0m1ad810cw0000001644620167125&qH=ec9064673b8a1e81
MSG Premium Cow Desi Ghee Ghee 1 L Mason Jar,645,2022-02-12,1% off,4.4,/msg-premium-cow-desi-ghee-1-l-mason-jar/p/itm90cddb89d262b?pid=GHEFSDUFYFF6C4Z3&lid=LSTGHEFSDUFYFF6C4Z3Y2LRSW&marketplace=FLIPKART&q=ghee&store=eat%2Fklf%2Ff3s&srno=s_1_38&otracker=search&otracker1=search&fm=organic&iid=0a8af53d-0ce8-4bf1-b4f5-9681e98cee5e.GHEFSDUFYFF6C4Z3.SEARCH&ppt=None&ppn=None&ssid=0m1ad810cw0000001644620167125&qH=ec9064673b8a1e81
vedamrit Indian Breed Cow Ghee (A2) Ghee 1 L Tin,929,2022-02-12,7% off,3.8,/vedamrit-indian-breed-cow-ghee-a2-1-l-tin/p/itm56ec8a10c52b9?pid=GHEFZSYPD4MPZ8J4&lid=LSTGHEFZSYPD4MPZ8J4Y0W9EY&marketplace=FLIPKART&q=ghee&store=eat%2Fklf%2Ff3s&srno=s_1_40&otracker=search&otracker1=search&fm=organic&iid=en_ekxCqFFJKPaxLH84EW8Qv0hj79EDY2JESpWTEc4OUuGVwFgH3YsWurZ8VaDaH894kUGcwPgbNMDFAfuuYNDfWQ%3D%3D&ppt=None&ppn=None&ssid=0m1ad810cw0000001644620167125&qH=ec9064673b8a1e81
AASHIRVAAD Svasti Pure Cow Ghee 1 L Tetrapack,574,2022-02-16,5% off,4.4,/aashirvaad-svasti-pure-cow-ghee-1-l-tetrapack/p/itmfaff7vmxpnxum?pid=GHEFK6YGK5HUPJTB&lid=LSTGHEFK6YGK5HUPJTBPYYJJX&marketplace=FLIPKART&q=ghee&store=eat%2Fklf%2Ff3s&srno=s_1_1&otracker=search&otracker1=search&fm=organic&iid=en_1wv15V9EV3kJMLxBc0qGyL18nR14ExkTyge0m2FpJTokWGL%2Bj4gmw%2Bux0xo9Zk2Z13VKCzaqO26yUFiRRcELlw%3D%3D&ppt=None&ppn=None&ssid=dybutn63og0000001645004118051&qH=ec9064673b8a1e81
Ma Amrutam Gir Gaushala Gir Cow Ghee Ghee 1000 ml Glass...,"2,199",2022-02-16,26% off,No Rating,/ma-amrutam-gir-gaushala-cow-ghee-1000-ml-glass-bottle/p/itm8c8fe396e6666?pid=GHEG5ZG9GQNSSUJZ&lid=LSTGHEG5ZG9GQNSSUJZAMIDWH&marketplace=FLIPKART&q=ghee&store=eat%2Fklf%2Ff3s&srno=s_1_2&otracker=search&otracker1=search&fm=organic&iid=en_1wv15V9EV3kJMLxBc0qGyL18nR14ExkTyge0m2FpJTqgRedcMRvS4Nw5qWkewjuSn%2BuSrBmRpJ7cYc11cNuzpw%3D%3D&ppt=None&ppn=None&ssid=dybutn63og0000001645004118051&qH=ec9064673b8a1e81
Country Delight Desi Danedar Cow Ghee Ghee 1 L Mason Ja...,698,2022-02-16,5% off,4.3,/country-delight-desi-danedar-cow-ghee-1-l-mason-jar/p/itmac3159c503eef?pid=GHEFZR3WFUR6QSZY&lid=LSTGHEFZR3WFUR6QSZYIOHTZK&marketplace=FLIPKART&q=ghee&store=eat%2Fklf%2Ff3s&srno=s_1_8&otracker=search&otracker1=search&fm=organic&iid=en_1wv15V9EV3kJMLxBc0qGyL18nR14ExkTyge0m2FpJTp7US8yp0H1ciL8GY2g3JfLpmMruGJC%2FEMsGBGyToqBOw%3D%3D&ppt=None&ppn=None&ssid=dybutn63og0000001645004118051&qH=ec9064673b8a1e81
Ma Amrutam Gir Gaushala Gir Cow Ghee 200 ml Glass Bottl...,659,2022-02-16,5% off,3.6,/ma-amrutam-gir-gaushala-cow-ghee-200-ml-glass-bottle/p/itm5b469b3d72145?pid=GHEG5ZG8HY7ZZY4D&lid=LSTGHEG5ZG8HY7ZZY4DEPCFHY&marketplace=FLIPKART&q=ghee&store=eat%2Fklf%2Ff3s&srno=s_1_12&otracker=search&otracker1=search&fm=organic&iid=en_1wv15V9EV3kJMLxBc0qGyL18nR14ExkTyge0m2FpJTrqFzGRmTJu6DJgJJxX7eHp2RMf4MuEx1U3LhbUDw5fiA%3D%3D&ppt=None&ppn=None&ssid=dybutn63og0000001645004118051&qH=ec9064673b8a1e81
"Khari Foods Pure A2 Desi Cow Ghee, Bilona Hand Churned ...",799,2022-02-16,50% off,4.2,/khari-foods-pure-a2-desi-cow-ghee-bilona-hand-churned-healthy-ghee-500-g-glass-bottle/p/itm3819d64a89a98?pid=GHEG96YMTZSGQYYZ&lid=LSTGHEG96YMTZSGQYYZXMF5ZO&marketplace=FLIPKART&q=ghee&store=eat%2Fklf%2Ff3s&srno=s_1_16&otracker=search&otracker1=search&fm=organic&iid=en_1wv15V9EV3kJMLxBc0qGyL18nR14ExkTyge0m2FpJTrYEG4J1qP4gUlPvi%2FVZInBo6c14ZfKkMkMEFgJcskmoQ%3D%3D&ppt=None&ppn=None&ssid=dybutn63og0000001645004118051&qH=ec9064673b8a1e81
Himalayan Natives Pahadi Cow Ghee 1000ml Ghee 1 L Plast...,599,2022-02-16,40% off,4.2,/himalayan-natives-pahadi-cow-ghee-1000ml-1-l-plastic-bottle/p/itm1274f73cf2e8a?pid=GHEG5B4G3CZXQWDS&lid=LSTGHEG5B4G3CZXQWDSEBTVRR&marketplace=FLIPKART&q=ghee&store=eat%2Fklf%2Ff3s&srno=s_1_20&otracker=search&otracker1=search&fm=organic&iid=en_1wv15V9EV3kJMLxBc0qGyL18nR14ExkTyge0m2FpJTpnOy7N4Eg61ywYuMQp7Hs%2FTJ6sx7O6c%2BrOYxUOgkQs%2Bw%3D%3D&ppt=None&ppn=None&ssid=dybutn63og0000001645004118051&qH=ec9064673b8a1e81
Himalayan Natives 100% natural Himalayan Cow Ghee Ghee ...,219,2022-02-16,26% off,4.3,/himalayan-natives-100-natural-cow-ghee-250-ml-plastic-bottle/p/itm89e743900ffad?pid=GHEFH8QPHN9X7KKC&lid=LSTGHEFH8QPHN9X7KKCWI5WUS&marketplace=FLIPKART&q=ghee&store=eat%2Fklf%2Ff3s&srno=s_1_31&otracker=search&otracker1=search&fm=organic&iid=af45bc56-a856-484a-a73e-d1838859aa4c.GHEFH8QPHN9X7KKC.SEARCH&ppt=None&ppn=None&ssid=dybutn63og0000001645004118051&qH=ec9064673b8a1e81
Himalayan Natives Organic Bilona Ghee- 1000ml Ghee 1 L ...,648,2022-02-16,50% off,3.8,/himalayan-natives-organic-bilona-ghee-1000ml-ghee-1-l-plastic-bottle/p/itm26d6cd441f469?pid=GHEG5B6WYGEQRTCB&lid=LSTGHEG5B6WYGEQRTCBIA44OF&marketplace=FLIPKART&q=ghee&store=eat%2Fklf%2Ff3s&srno=s_1_32&otracker=search&otracker1=search&fm=organic&iid=en_1wv15V9EV3kJMLxBc0qGyL18nR14ExkTyge0m2FpJTpJAyZMrp8Rx0FHRZON0lR0Tqd%2Bo24vliCvMy2qu7PAQQ%3D%3D&ppt=None&ppn=None&ssid=dybutn63og0000001645004118051&qH=ec9064673b8a1e81
BOLDVEDA A2 Ghee - Desi Gir Cow Ghee Pure & Natural Han...,999,2022-02-16,28% off,4.8,/boldveda-a2-ghee-desi-gir-cow-pure-natural-hand-made-traditional-bilona-method-gluten-free-rich-taste-aroma-500-ml-glass-bottle/p/itmdc7f2aa094c9d?pid=GHEG75THNWQBT8UG&lid=LSTGHEG75THNWQBT8UG693ALW&marketplace=FLIPKART&q=ghee&store=eat%2Fklf%2Ff3s&srno=s_1_34&otracker=search&otracker1=search&fm=organic&iid=af45bc56-a856-484a-a73e-d1838859aa4c.GHEG75THNWQBT8UG.SEARCH&ppt=None&ppn=None&ssid=dybutn63og0000001645004118051&qH=ec9064673b8a1e81
Himalayan Natives Cow Ghee A2 Gir 1000ml Ghee 1 L Plast...,"1,199",2022-02-16,25% off,4.5,/himalayan-natives-cow-ghee-a2-gir-1000ml-1-l-plastic-bottle/p/itmca647868f9727?pid=GHEG5B5KMM26H8TP&lid=LSTGHEG5B5KMM26H8TPJ321ZU&marketplace=FLIPKART&q=ghee&store=eat%2Fklf%2Ff3s&srno=s_1_38&otracker=search&otracker1=search&fm=organic&iid=af45bc56-a856-484a-a73e-d1838859aa4c.GHEG5B5KMM26H8TP.SEARCH&ppt=None&ppn=None&ssid=dybutn63og0000001645004118051&qH=ec9064673b8a1e81
MSG Premium Cow Desi Ghee Ghee 1 L Mason Jar,645,2022-02-16,1% off,4.4,/msg-premium-cow-desi-ghee-1-l-mason-jar/p/itm90cddb89d262b?pid=GHEFSDUFYFF6C4Z3&lid=LSTGHEFSDUFYFF6C4Z3Y2LRSW&marketplace=FLIPKART&q=ghee&store=eat%2Fklf%2Ff3s&srno=s_1_39&otracker=search&otracker1=search&fm=organic&iid=af45bc56-a856-484a-a73e-d1838859aa4c.GHEFSDUFYFF6C4Z3.SEARCH&ppt=None&ppn=None&ssid=dybutn63og0000001645004118051&qH=ec9064673b8a1e81
Kapiva A2 Desi Ghee (Helps Reduces Joint Pain and Impro...,"1,169",2022-02-16,22% off,4.2,/kapiva-a2-desi-ghee-helps-reduces-joint-pain-improves-heart-functioning-500ml-500-ml-glass-bottle/p/itm8ff9a9e1ad977?pid=GHEF8GYZPADV9H6W&lid=LSTGHEF8GYZPADV9H6W7XNDYW&marketplace=FLIPKART&q=ghee&store=eat%2Fklf%2Ff3s&srno=s_1_40&otracker=search&otracker1=search&fm=organic&iid=en_1wv15V9EV3kJMLxBc0qGyL18nR14ExkTyge0m2FpJTqmwOYJaH8Blk2ITmbLLKCr9HouwhlvxDho3pgd%2BcASdA%3D%3D&ppt=None&ppn=None&ssid=dybutn63og0000001645004118051&qH=ec9064673b8a1e81
